-- phpMyAdmin SQL Dump
-- version 4.8.5
-- https://www.phpmyadmin.net/
--
-- Host: localhost:3306
-- Generation Time: Feb 19, 2021 at 09:55 AM
-- Server version: 5.7.28-0ubuntu0.19.04.2
-- PHP Version: 7.2.24-0ubuntu0.19.04.2

SET SQL_MODE = "NO_AUTO_VALUE_ON_ZERO";
SET AUTOCOMMIT = 0;
START TRANSACTION;
SET time_zone = "+00:00";


/*!40101 SET @OLD_CHARACTER_SET_CLIENT=@@CHARACTER_SET_CLIENT */;
/*!40101 SET @OLD_CHARACTER_SET_RESULTS=@@CHARACTER_SET_RESULTS */;
/*!40101 SET @OLD_COLLATION_CONNECTION=@@COLLATION_CONNECTION */;
/*!40101 SET NAMES utf8mb4 */;

--
-- Database: `ci_ie`
--

-- --------------------------------------------------------

--
-- Table structure for table `ci_session`
--

CREATE TABLE `ci_session` (
  `id` varchar(128) NOT NULL,
  `ip_address` varchar(45) NOT NULL,
  `timestamp` int(10) UNSIGNED NOT NULL DEFAULT '0',
  `data` blob NOT NULL
) ENGINE=InnoDB DEFAULT CHARSET=latin1;

--
-- Dumping data for table `ci_session`
--

INSERT INTO `ci_session` (`id`, `ip_address`, `timestamp`, `data`) VALUES
('fmm50uv3coi08a796ielmt0pk2n5ig6s', '::1', 1613622654, 0x5f5f63695f6c6173745f726567656e65726174657c693a313631333632323635343b6964656e746974797c733a31353a2261646d696e4061646d696e2e636f6d223b656d61696c7c733a31353a2261646d696e4061646d696e2e636f6d223b757365725f69647c733a313a2231223b6f6c645f6c6173745f6c6f67696e7c733a31303a2231323638383839383233223b6c6173745f636865636b7c693a313631333632323635343b696f6e5f617574685f73657373696f6e5f686173687c733a34303a2236353833643663346632303539393865636163633966353162363861326132653434656130303036223b),
('g8gu4i9hikdm041utfft0u1ok62grl93', '::1', 1613623354, 0x5f5f63695f6c6173745f726567656e65726174657c693a313631333632333335343b6964656e746974797c733a31353a2261646d696e4061646d696e2e636f6d223b656d61696c7c733a31353a2261646d696e4061646d696e2e636f6d223b757365725f69647c733a313a2231223b6f6c645f6c6173745f6c6f67696e7c733a31303a2231323638383839383233223b6c6173745f636865636b7c693a313631333632323635343b696f6e5f617574685f73657373696f6e5f686173687c733a34303a2236353833643663346632303539393865636163633966353162363861326132653434656130303036223b),
('7k38jtotfgtvtqo0fg59l09dkr340qnd', '::1', 1613623661, 0x5f5f63695f6c6173745f726567656e65726174657c693a313631333632333636313b6964656e746974797c733a31353a2261646d696e4061646d696e2e636f6d223b656d61696c7c733a31353a2261646d696e4061646d696e2e636f6d223b757365725f69647c733a313a2231223b6f6c645f6c6173745f6c6f67696e7c733a31303a2231323638383839383233223b6c6173745f636865636b7c693a313631333632323635343b696f6e5f617574685f73657373696f6e5f686173687c733a34303a2236353833643663346632303539393865636163633966353162363861326132653434656130303036223b),
('c0vlmhkkuci6ccbfjt1incf7cqq97f9u', '::1', 1613623998, 0x5f5f63695f6c6173745f726567656e65726174657c693a313631333632333939383b6964656e746974797c733a31353a2261646d696e4061646d696e2e636f6d223b656d61696c7c733a31353a2261646d696e4061646d696e2e636f6d223b757365725f69647c733a313a2231223b6f6c645f6c6173745f6c6f67696e7c733a31303a2231323638383839383233223b6c6173745f636865636b7c693a313631333632323635343b696f6e5f617574685f73657373696f6e5f686173687c733a34303a2236353833643663346632303539393865636163633966353162363861326132653434656130303036223b),
('nj367v8dtu1v5u5ufihfc6nfiejqj1d0', '::1', 1613625869, 0x5f5f63695f6c6173745f726567656e65726174657c693a313631333632353836393b6964656e746974797c733a31353a2261646d696e4061646d696e2e636f6d223b656d61696c7c733a31353a2261646d696e4061646d696e2e636f6d223b757365725f69647c733a313a2231223b6f6c645f6c6173745f6c6f67696e7c733a31303a2231323638383839383233223b6c6173745f636865636b7c693a313631333632323635343b696f6e5f617574685f73657373696f6e5f686173687c733a34303a2236353833643663346632303539393865636163633966353162363861326132653434656130303036223b),
('l10b5h97q1neka54ll98u151svajhjhp', '::1', 1613626865, 0x5f5f63695f6c6173745f726567656e65726174657c693a313631333632363836353b6964656e746974797c733a31353a2261646d696e4061646d696e2e636f6d223b656d61696c7c733a31353a2261646d696e4061646d696e2e636f6d223b757365725f69647c733a313a2231223b6f6c645f6c6173745f6c6f67696e7c733a31303a2231323638383839383233223b6c6173745f636865636b7c693a313631333632323635343b696f6e5f617574685f73657373696f6e5f686173687c733a34303a2236353833643663346632303539393865636163633966353162363861326132653434656130303036223b),
('68dl5d09261strksugst52rvnkaulq7k', '::1', 1613627370, 0x5f5f63695f6c6173745f726567656e65726174657c693a313631333632373337303b6964656e746974797c733a31353a2261646d696e4061646d696e2e636f6d223b656d61696c7c733a31353a2261646d696e4061646d696e2e636f6d223b757365725f69647c733a313a2231223b6f6c645f6c6173745f6c6f67696e7c733a31303a2231323638383839383233223b6c6173745f636865636b7c693a313631333632323635343b696f6e5f617574685f73657373696f6e5f686173687c733a34303a2236353833643663346632303539393865636163633966353162363861326132653434656130303036223b),
('thskg5tk2tpu0pb223qr3fgrp9n22nd4', '::1', 1613632383, 0x5f5f63695f6c6173745f726567656e65726174657c693a313631333633323338333b6964656e746974797c733a31353a2261646d696e4061646d696e2e636f6d223b656d61696c7c733a31353a2261646d696e4061646d696e2e636f6d223b757365725f69647c733a313a2231223b6f6c645f6c6173745f6c6f67696e7c733a31303a2231323638383839383233223b6c6173745f636865636b7c693a313631333632323635343b696f6e5f617574685f73657373696f6e5f686173687c733a34303a2236353833643663346632303539393865636163633966353162363861326132653434656130303036223b),
('jv3alaq0ggf1frc1p06slo3ajnirpb4o', '::1', 1613632693, 0x5f5f63695f6c6173745f726567656e65726174657c693a313631333633323639333b6964656e746974797c733a31353a2261646d696e4061646d696e2e636f6d223b656d61696c7c733a31353a2261646d696e4061646d696e2e636f6d223b757365725f69647c733a313a2231223b6f6c645f6c6173745f6c6f67696e7c733a31303a2231323638383839383233223b6c6173745f636865636b7c693a313631333632323635343b696f6e5f617574685f73657373696f6e5f686173687c733a34303a2236353833643663346632303539393865636163633966353162363861326132653434656130303036223b),
('e5uboulta4jdujasamn3i9d78hec60mi', '::1', 1613633036, 0x5f5f63695f6c6173745f726567656e65726174657c693a313631333633333033363b6964656e746974797c733a31353a2261646d696e4061646d696e2e636f6d223b656d61696c7c733a31353a2261646d696e4061646d696e2e636f6d223b757365725f69647c733a313a2231223b6f6c645f6c6173745f6c6f67696e7c733a31303a2231323638383839383233223b6c6173745f636865636b7c693a313631333632323635343b696f6e5f617574685f73657373696f6e5f686173687c733a34303a2236353833643663346632303539393865636163633966353162363861326132653434656130303036223b),
('vdauh2f3ur27rsimhetkp0n8232fjn8c', '::1', 1613633639, 0x5f5f63695f6c6173745f726567656e65726174657c693a313631333633333633393b6964656e746974797c733a31353a2261646d696e4061646d696e2e636f6d223b656d61696c7c733a31353a2261646d696e4061646d696e2e636f6d223b757365725f69647c733a313a2231223b6f6c645f6c6173745f6c6f67696e7c733a31303a2231323638383839383233223b6c6173745f636865636b7c693a313631333632323635343b696f6e5f617574685f73657373696f6e5f686173687c733a34303a2236353833643663346632303539393865636163633966353162363861326132653434656130303036223b),
('10u1bnk04841mtijoehptlm9qj7gv5ls', '::1', 1613634102, 0x5f5f63695f6c6173745f726567656e65726174657c693a313631333633343130323b6964656e746974797c733a31353a2261646d696e4061646d696e2e636f6d223b656d61696c7c733a31353a2261646d696e4061646d696e2e636f6d223b757365725f69647c733a313a2231223b6f6c645f6c6173745f6c6f67696e7c733a31303a2231323638383839383233223b6c6173745f636865636b7c693a313631333632323635343b696f6e5f617574685f73657373696f6e5f686173687c733a34303a2236353833643663346632303539393865636163633966353162363861326132653434656130303036223b),
('k9gvg9203drg8jb9vt13peje3ab8lbfi', '::1', 1613634529, 0x5f5f63695f6c6173745f726567656e65726174657c693a313631333633343532393b6964656e746974797c733a31353a2261646d696e4061646d696e2e636f6d223b656d61696c7c733a31353a2261646d696e4061646d696e2e636f6d223b757365725f69647c733a313a2231223b6f6c645f6c6173745f6c6f67696e7c733a31303a2231323638383839383233223b6c6173745f636865636b7c693a313631333632323635343b696f6e5f617574685f73657373696f6e5f686173687c733a34303a2236353833643663346632303539393865636163633966353162363861326132653434656130303036223b),
('mrivjubud0e1n3ep4ckctc9f1k69s1k3', '::1', 1613634926, 0x5f5f63695f6c6173745f726567656e65726174657c693a313631333633343932363b6964656e746974797c733a31353a2261646d696e4061646d696e2e636f6d223b656d61696c7c733a31353a2261646d696e4061646d696e2e636f6d223b757365725f69647c733a313a2231223b6f6c645f6c6173745f6c6f67696e7c733a31303a2231323638383839383233223b6c6173745f636865636b7c693a313631333632323635343b696f6e5f617574685f73657373696f6e5f686173687c733a34303a2236353833643663346632303539393865636163633966353162363861326132653434656130303036223b),
('40jhf86njij1mh64oubugnomht125ktj', '::1', 1613635237, 0x5f5f63695f6c6173745f726567656e65726174657c693a313631333633353233373b6964656e746974797c733a31353a2261646d696e4061646d696e2e636f6d223b656d61696c7c733a31353a2261646d696e4061646d696e2e636f6d223b757365725f69647c733a313a2231223b6f6c645f6c6173745f6c6f67696e7c733a31303a2231323638383839383233223b6c6173745f636865636b7c693a313631333632323635343b696f6e5f617574685f73657373696f6e5f686173687c733a34303a2236353833643663346632303539393865636163633966353162363861326132653434656130303036223b),
('r5d01b84agohkij1qvrdb4fsms8ae69o', '::1', 1613635793, 0x5f5f63695f6c6173745f726567656e65726174657c693a313631333633353739333b6964656e746974797c733a31353a2261646d696e4061646d696e2e636f6d223b656d61696c7c733a31353a2261646d696e4061646d696e2e636f6d223b757365725f69647c733a313a2231223b6f6c645f6c6173745f6c6f67696e7c733a31303a2231323638383839383233223b6c6173745f636865636b7c693a313631333632323635343b696f6e5f617574685f73657373696f6e5f686173687c733a34303a2236353833643663346632303539393865636163633966353162363861326132653434656130303036223b),
('nopi1oqc3atrq7htjk1rppspc9dobnn5', '::1', 1613636286, 0x5f5f63695f6c6173745f726567656e65726174657c693a313631333633363238363b),
('ruqkg1f7ebe9tund4qvj1u9qloaukco1', '::1', 1613636965, 0x5f5f63695f6c6173745f726567656e65726174657c693a313631333633363936353b),
('7vc0nnhjb45j8dnnggmbv5u7l0tvh1l7', '::1', 1613637309, 0x5f5f63695f6c6173745f726567656e65726174657c693a313631333633373330393b),
('q3o9uu4vhcjb444iv97hrfm9tkl3n8dp', '::1', 1613637786, 0x5f5f63695f6c6173745f726567656e65726174657c693a313631333633373738363b),
('clt9lbfka7ms1331cr8or3j78161ao3c', '::1', 1613637900, 0x5f5f63695f6c6173745f726567656e65726174657c693a313631333633373930303b6964656e746974797c733a31353a2261646d696e4061646d696e2e636f6d223b656d61696c7c733a31353a2261646d696e4061646d696e2e636f6d223b757365725f69647c733a313a2231223b6f6c645f6c6173745f6c6f67696e7c733a31303a2231363133363232363534223b6c6173745f636865636b7c693a313631333633373839393b696f6e5f617574685f73657373696f6e5f686173687c733a34303a2236353833643663346632303539393865636163633966353162363861326132653434656130303036223b),
('lre26oasejsv282n1hr9bbk3lgi7q569', '::1', 1613638230, 0x5f5f63695f6c6173745f726567656e65726174657c693a313631333633383233303b6964656e746974797c733a31353a2261646d696e4061646d696e2e636f6d223b656d61696c7c733a31353a2261646d696e4061646d696e2e636f6d223b757365725f69647c733a313a2231223b6f6c645f6c6173745f6c6f67696e7c733a31303a2231363133363232363534223b6c6173745f636865636b7c693a313631333633373839393b696f6e5f617574685f73657373696f6e5f686173687c733a34303a2236353833643663346632303539393865636163633966353162363861326132653434656130303036223b),
('22k4frmkrja8b55a65mtap55eeabounr', '::1', 1613638542, 0x5f5f63695f6c6173745f726567656e65726174657c693a313631333633383534323b6964656e746974797c733a31353a2261646d696e4061646d696e2e636f6d223b656d61696c7c733a31353a2261646d696e4061646d696e2e636f6d223b757365725f69647c733a313a2231223b6f6c645f6c6173745f6c6f67696e7c733a31303a2231363133363232363534223b6c6173745f636865636b7c693a313631333633373839393b696f6e5f617574685f73657373696f6e5f686173687c733a34303a2236353833643663346632303539393865636163633966353162363861326132653434656130303036223b),
('r4vom4tolou621nof06ejjo5bt955oao', '::1', 1613639017, 0x5f5f63695f6c6173745f726567656e65726174657c693a313631333633393031373b6964656e746974797c733a31353a2261646d696e4061646d696e2e636f6d223b656d61696c7c733a31353a2261646d696e4061646d696e2e636f6d223b757365725f69647c733a313a2231223b6f6c645f6c6173745f6c6f67696e7c733a31303a2231363133363232363534223b6c6173745f636865636b7c693a313631333633373839393b696f6e5f617574685f73657373696f6e5f686173687c733a34303a2236353833643663346632303539393865636163633966353162363861326132653434656130303036223b637372666b65797c733a383a227a44453142714648223b5f5f63695f766172737c613a323a7b733a373a22637372666b6579223b733a333a226e6577223b733a393a226373726676616c7565223b733a333a226e6577223b7d6373726676616c75657c733a32303a223776597550717847364a42396438357a6d4b5552223b),
('ag7lsn2s4p7o7fmspp3277t2r95n9ena', '::1', 1613639390, 0x5f5f63695f6c6173745f726567656e65726174657c693a313631333633393339303b6964656e746974797c733a31353a2261646d696e4061646d696e2e636f6d223b656d61696c7c733a31353a2261646d696e4061646d696e2e636f6d223b757365725f69647c733a313a2231223b6f6c645f6c6173745f6c6f67696e7c733a31303a2231363133363232363534223b6c6173745f636865636b7c693a313631333633373839393b696f6e5f617574685f73657373696f6e5f686173687c733a34303a2236353833643663346632303539393865636163633966353162363861326132653434656130303036223b),
('8pc08p3lop66eja59nek1ft9q49efe6f', '::1', 1613639746, 0x5f5f63695f6c6173745f726567656e65726174657c693a313631333633393734363b6964656e746974797c733a31353a2261646d696e4061646d696e2e636f6d223b656d61696c7c733a31353a2261646d696e4061646d696e2e636f6d223b757365725f69647c733a313a2231223b6f6c645f6c6173745f6c6f67696e7c733a31303a2231363133363232363534223b6c6173745f636865636b7c693a313631333633373839393b696f6e5f617574685f73657373696f6e5f686173687c733a34303a2236353833643663346632303539393865636163633966353162363861326132653434656130303036223b),
('r0d62ag1063s4a7p1m30rh9jkmsbo65c', '::1', 1613639961, 0x5f5f63695f6c6173745f726567656e65726174657c693a313631333633393936313b6964656e746974797c733a31353a2261646d696e4061646d696e2e636f6d223b656d61696c7c733a31353a2261646d696e4061646d696e2e636f6d223b757365725f69647c733a313a2231223b6f6c645f6c6173745f6c6f67696e7c733a31303a2231363133363337383939223b6c6173745f636865636b7c693a313631333633393936313b696f6e5f617574685f73657373696f6e5f686173687c733a34303a2236353833643663346632303539393865636163633966353162363861326132653434656130303036223b),
('iabjn6b2g234iddlij1n2offmopud5ba', '::1', 1613640254, 0x5f5f63695f6c6173745f726567656e65726174657c693a313631333634303235343b6964656e746974797c733a31353a2261646d696e4061646d696e2e636f6d223b656d61696c7c733a31353a2261646d696e4061646d696e2e636f6d223b757365725f69647c733a313a2231223b6f6c645f6c6173745f6c6f67696e7c733a31303a2231363133363339393631223b6c6173745f636865636b7c693a313631333634303235333b696f6e5f617574685f73657373696f6e5f686173687c733a34303a2236353833643663346632303539393865636163633966353162363861326132653434656130303036223b),
('65rnfog9odgt6f4tdip78en98vjcjigi', '::1', 1613640255, 0x5f5f63695f6c6173745f726567656e65726174657c693a313631333634303235343b6964656e746974797c733a31353a2261646d696e4061646d696e2e636f6d223b656d61696c7c733a31353a2261646d696e4061646d696e2e636f6d223b757365725f69647c733a313a2231223b6f6c645f6c6173745f6c6f67696e7c733a31303a2231363133363339393631223b6c6173745f636865636b7c693a313631333634303235333b696f6e5f617574685f73657373696f6e5f686173687c733a34303a2236353833643663346632303539393865636163633966353162363861326132653434656130303036223b6d6573736167657c733a32393a223c703e4c6f6767656420496e205375636365737366756c6c793c2f703e223b5f5f63695f766172737c613a313a7b733a373a226d657373616765223b733a333a226f6c64223b7d),
('e6e4ntmi691lfoptuvcs1jp4qd15tgh5', '::1', 1613646316, 0x5f5f63695f6c6173745f726567656e65726174657c693a313631333634363331363b),
('0bu7iki9r4f5pplm2k8ssttlrtdfudvu', '::1', 1613646517, 0x5f5f63695f6c6173745f726567656e65726174657c693a313631333634363531373b6964656e746974797c733a31353a2261646d696e4061646d696e2e636f6d223b656d61696c7c733a31353a2261646d696e4061646d696e2e636f6d223b757365725f69647c733a313a2231223b6f6c645f6c6173745f6c6f67696e7c733a31303a2231363133363430323533223b6c6173745f636865636b7c693a313631333634363531373b696f6e5f617574685f73657373696f6e5f686173687c733a34303a2236353833643663346632303539393865636163633966353162363861326132653434656130303036223b),
('7lpi5hkialp995379qg32o3ol3n51hc0', '::1', 1613647083, 0x5f5f63695f6c6173745f726567656e65726174657c693a313631333634373038333b6964656e746974797c733a31353a2261646d696e4061646d696e2e636f6d223b656d61696c7c733a31353a2261646d696e4061646d696e2e636f6d223b757365725f69647c733a313a2231223b6f6c645f6c6173745f6c6f67696e7c733a31303a2231363133363430323533223b6c6173745f636865636b7c693a313631333634363531373b696f6e5f617574685f73657373696f6e5f686173687c733a34303a2236353833643663346632303539393865636163633966353162363861326132653434656130303036223b),
('67nd6l3khoimnaqpkgc16896jlofa9mi', '::1', 1613647453, 0x5f5f63695f6c6173745f726567656e65726174657c693a313631333634373435333b6964656e746974797c733a31353a2261646d696e4061646d696e2e636f6d223b656d61696c7c733a31353a2261646d696e4061646d696e2e636f6d223b757365725f69647c733a313a2231223b6f6c645f6c6173745f6c6f67696e7c733a31303a2231363133363430323533223b6c6173745f636865636b7c693a313631333634363531373b696f6e5f617574685f73657373696f6e5f686173687c733a34303a2236353833643663346632303539393865636163633966353162363861326132653434656130303036223b),
('dl03ilrtpced1f55ukq6apne83d0u2kn', '::1', 1613648558, 0x5f5f63695f6c6173745f726567656e65726174657c693a313631333634383535383b6964656e746974797c733a31353a2261646d696e4061646d696e2e636f6d223b656d61696c7c733a31353a2261646d696e4061646d696e2e636f6d223b757365725f69647c733a313a2231223b6f6c645f6c6173745f6c6f67696e7c733a31303a2231363133363430323533223b6c6173745f636865636b7c693a313631333634363531373b696f6e5f617574685f73657373696f6e5f686173687c733a34303a2236353833643663346632303539393865636163633966353162363861326132653434656130303036223b),
('vjj1ma4e5fv5e27e1nt6i0ec8tdpu82j', '::1', 1613649215, 0x5f5f63695f6c6173745f726567656e65726174657c693a313631333634393231353b6964656e746974797c733a31353a2261646d696e4061646d696e2e636f6d223b656d61696c7c733a31353a2261646d696e4061646d696e2e636f6d223b757365725f69647c733a313a2231223b6f6c645f6c6173745f6c6f67696e7c733a31303a2231363133363430323533223b6c6173745f636865636b7c693a313631333634363531373b696f6e5f617574685f73657373696f6e5f686173687c733a34303a2236353833643663346632303539393865636163633966353162363861326132653434656130303036223b),
('2h3mgnbf3ns0gqf8pspt3bpsn3l0m559', '::1', 1613649529, 0x5f5f63695f6c6173745f726567656e65726174657c693a313631333634393532393b6964656e746974797c733a31353a2261646d696e4061646d696e2e636f6d223b656d61696c7c733a31353a2261646d696e4061646d696e2e636f6d223b757365725f69647c733a313a2231223b6f6c645f6c6173745f6c6f67696e7c733a31303a2231363133363430323533223b6c6173745f636865636b7c693a313631333634363531373b696f6e5f617574685f73657373696f6e5f686173687c733a34303a2236353833643663346632303539393865636163633966353162363861326132653434656130303036223b),
('v1uvdomlt9n60qb9fefk762bf6t6m20e', '::1', 1613649860, 0x5f5f63695f6c6173745f726567656e65726174657c693a313631333634393836303b6964656e746974797c733a31353a2261646d696e4061646d696e2e636f6d223b656d61696c7c733a31353a2261646d696e4061646d696e2e636f6d223b757365725f69647c733a313a2231223b6f6c645f6c6173745f6c6f67696e7c733a31303a2231363133363430323533223b6c6173745f636865636b7c693a313631333634363531373b696f6e5f617574685f73657373696f6e5f686173687c733a34303a2236353833643663346632303539393865636163633966353162363861326132653434656130303036223b),
('qsn1v01lntjfv1m3tp3tkdo9dok0bsdd', '::1', 1613650577, 0x5f5f63695f6c6173745f726567656e65726174657c693a313631333635303537373b6964656e746974797c733a31353a2261646d696e4061646d696e2e636f6d223b656d61696c7c733a31353a2261646d696e4061646d696e2e636f6d223b757365725f69647c733a313a2231223b6f6c645f6c6173745f6c6f67696e7c733a31303a2231363133363430323533223b6c6173745f636865636b7c693a313631333634363531373b696f6e5f617574685f73657373696f6e5f686173687c733a34303a2236353833643663346632303539393865636163633966353162363861326132653434656130303036223b),
('lueqcgn8g43of4k29i1jff0jpmuv44u9', '::1', 1613651203, 0x5f5f63695f6c6173745f726567656e65726174657c693a313631333635313230333b6964656e746974797c733a31353a2261646d696e4061646d696e2e636f6d223b656d61696c7c733a31353a2261646d696e4061646d696e2e636f6d223b757365725f69647c733a313a2231223b6f6c645f6c6173745f6c6f67696e7c733a31303a2231363133363430323533223b6c6173745f636865636b7c693a313631333634363531373b696f6e5f617574685f73657373696f6e5f686173687c733a34303a2236353833643663346632303539393865636163633966353162363861326132653434656130303036223b),
('oa363vf97gt7qcfu0ovu9n8uur45mr16', '::1', 1613651560, 0x5f5f63695f6c6173745f726567656e65726174657c693a313631333635313536303b6964656e746974797c733a31353a2261646d696e4061646d696e2e636f6d223b656d61696c7c733a31353a2261646d696e4061646d696e2e636f6d223b757365725f69647c733a313a2231223b6f6c645f6c6173745f6c6f67696e7c733a31303a2231363133363430323533223b6c6173745f636865636b7c693a313631333634363531373b696f6e5f617574685f73657373696f6e5f686173687c733a34303a2236353833643663346632303539393865636163633966353162363861326132653434656130303036223b),
('sgnggmegg7938pavqaesq14m47hhs4ba', '::1', 1613651604, 0x5f5f63695f6c6173745f726567656e65726174657c693a313631333635313536303b6964656e746974797c733a31353a2261646d696e4061646d696e2e636f6d223b656d61696c7c733a31353a2261646d696e4061646d696e2e636f6d223b757365725f69647c733a313a2231223b6f6c645f6c6173745f6c6f67696e7c733a31303a2231363133363430323533223b6c6173745f636865636b7c693a313631333634363531373b696f6e5f617574685f73657373696f6e5f686173687c733a34303a2236353833643663346632303539393865636163633966353162363861326132653434656130303036223b),
('8bnn78lhd5lg3q8ga6mbrnqcamujvqkj', '::1', 1613666651, 0x5f5f63695f6c6173745f726567656e65726174657c693a313631333636363635313b6964656e746974797c733a31353a2261646d696e4061646d696e2e636f6d223b656d61696c7c733a31353a2261646d696e4061646d696e2e636f6d223b757365725f69647c733a313a2231223b6f6c645f6c6173745f6c6f67696e7c733a31303a2231363133363436353137223b6c6173745f636865636b7c693a313631333636363635313b696f6e5f617574685f73657373696f6e5f686173687c733a34303a2236353833643663346632303539393865636163633966353162363861326132653434656130303036223b),
('53cl74tq7j8uoaed4a2oo4svhsp3rf7c', '::1', 1613667365, 0x5f5f63695f6c6173745f726567656e65726174657c693a313631333636373336353b6964656e746974797c733a31353a2261646d696e4061646d696e2e636f6d223b656d61696c7c733a31353a2261646d696e4061646d696e2e636f6d223b757365725f69647c733a313a2231223b6f6c645f6c6173745f6c6f67696e7c733a31303a2231363133363436353137223b6c6173745f636865636b7c693a313631333636363635313b696f6e5f617574685f73657373696f6e5f686173687c733a34303a2236353833643663346632303539393865636163633966353162363861326132653434656130303036223b),
('objm860ogalp8htbg55u9mes2pjq5ubs', '::1', 1613667836, 0x5f5f63695f6c6173745f726567656e65726174657c693a313631333636373833363b6964656e746974797c733a31353a2261646d696e4061646d696e2e636f6d223b656d61696c7c733a31353a2261646d696e4061646d696e2e636f6d223b757365725f69647c733a313a2231223b6f6c645f6c6173745f6c6f67696e7c733a31303a2231363133363436353137223b6c6173745f636865636b7c693a313631333636363635313b696f6e5f617574685f73657373696f6e5f686173687c733a34303a2236353833643663346632303539393865636163633966353162363861326132653434656130303036223b),
('qicgj3qcotedd0v3gma6jv5h9uoe79ie', '::1', 1613668154, 0x5f5f63695f6c6173745f726567656e65726174657c693a313631333636383135343b6964656e746974797c733a31353a2261646d696e4061646d696e2e636f6d223b656d61696c7c733a31353a2261646d696e4061646d696e2e636f6d223b757365725f69647c733a313a2231223b6f6c645f6c6173745f6c6f67696e7c733a31303a2231363133363436353137223b6c6173745f636865636b7c693a313631333636363635313b696f6e5f617574685f73657373696f6e5f686173687c733a34303a2236353833643663346632303539393865636163633966353162363861326132653434656130303036223b),
('ju5e4qv0aisb2ig4ucjffr52hb8vugam', '::1', 1613668459, 0x5f5f63695f6c6173745f726567656e65726174657c693a313631333636383435393b6964656e746974797c733a31353a2261646d696e4061646d696e2e636f6d223b656d61696c7c733a31353a2261646d696e4061646d696e2e636f6d223b757365725f69647c733a313a2231223b6f6c645f6c6173745f6c6f67696e7c733a31303a2231363133363436353137223b6c6173745f636865636b7c693a313631333636363635313b696f6e5f617574685f73657373696f6e5f686173687c733a34303a2236353833643663346632303539393865636163633966353162363861326132653434656130303036223b),
('9rton8ja3no242qqsh3i6p0jbf1q2j45', '::1', 1613668536, 0x5f5f63695f6c6173745f726567656e65726174657c693a313631333636383435393b6964656e746974797c733a31353a2261646d696e4061646d696e2e636f6d223b656d61696c7c733a31353a2261646d696e4061646d696e2e636f6d223b757365725f69647c733a313a2231223b6f6c645f6c6173745f6c6f67696e7c733a31303a2231363133363436353137223b6c6173745f636865636b7c693a313631333636363635313b696f6e5f617574685f73657373696f6e5f686173687c733a34303a2236353833643663346632303539393865636163633966353162363861326132653434656130303036223b),
('4jmmcq56pp91ifvu1rpcru6o0470pgtt', '::1', 1613693008, 0x5f5f63695f6c6173745f726567656e65726174657c693a313631333639333030383b6964656e746974797c733a31353a2261646d696e4061646d696e2e636f6d223b656d61696c7c733a31353a2261646d696e4061646d696e2e636f6d223b757365725f69647c733a313a2231223b6f6c645f6c6173745f6c6f67696e7c733a31303a2231363133363636363531223b6c6173745f636865636b7c693a313631333639333030373b696f6e5f617574685f73657373696f6e5f686173687c733a34303a2236353833643663346632303539393865636163633966353162363861326132653434656130303036223b),
('3f1esok17h5hr5api6792vq0ro126ngv', '::1', 1613693421, 0x5f5f63695f6c6173745f726567656e65726174657c693a313631333639333432313b6964656e746974797c733a31353a2261646d696e4061646d696e2e636f6d223b656d61696c7c733a31353a2261646d696e4061646d696e2e636f6d223b757365725f69647c733a313a2231223b6f6c645f6c6173745f6c6f67696e7c733a31303a2231363133363636363531223b6c6173745f636865636b7c693a313631333639333030373b696f6e5f617574685f73657373696f6e5f686173687c733a34303a2236353833643663346632303539393865636163633966353162363861326132653434656130303036223b),
('dissl92b39462esjksjrtm86bhfos9s4', '::1', 1613693849, 0x5f5f63695f6c6173745f726567656e65726174657c693a313631333639333834393b6964656e746974797c733a31353a2261646d696e4061646d696e2e636f6d223b656d61696c7c733a31353a2261646d696e4061646d696e2e636f6d223b757365725f69647c733a313a2231223b6f6c645f6c6173745f6c6f67696e7c733a31303a2231363133363636363531223b6c6173745f636865636b7c693a313631333639333030373b696f6e5f617574685f73657373696f6e5f686173687c733a34303a2236353833643663346632303539393865636163633966353162363861326132653434656130303036223b),
('16j6k66bo627fcdk96j6gsfrfc6tdeqh', '::1', 1613694077, 0x5f5f63695f6c6173745f726567656e65726174657c693a313631333639343037373b6964656e746974797c733a32323a22676f76696e646168616c303540676d61696c2e636f6d223b656d61696c7c733a32323a22676f76696e646168616c303540676d61696c2e636f6d223b757365725f69647c733a313a2232223b6f6c645f6c6173745f6c6f67696e7c4e3b6c6173745f636865636b7c693a313631333639343037373b696f6e5f617574685f73657373696f6e5f686173687c733a34303a2236353833643663346632303539393865636163633966353162363861326132653434656130303036223b),
('do11h4ag8i1c6nrv02id1uer55t3a3e3', '::1', 1613694159, 0x5f5f63695f6c6173745f726567656e65726174657c693a313631333639343135393b6964656e746974797c733a32323a22676f76696e646168616c303540676d61696c2e636f6d223b656d61696c7c733a32323a22676f76696e646168616c303540676d61696c2e636f6d223b757365725f69647c733a313a2232223b6f6c645f6c6173745f6c6f67696e7c733a31303a2231363133363934303737223b6c6173745f636865636b7c693a313631333639343135393b696f6e5f617574685f73657373696f6e5f686173687c733a34303a2236353833643663346632303539393865636163633966353162363861326132653434656130303036223b),
('bov3ukkc4tgupfe32068s2sknre2hvv6', '::1', 1613694570, 0x5f5f63695f6c6173745f726567656e65726174657c693a313631333639343537303b6964656e746974797c733a32323a22676f76696e646168616c303540676d61696c2e636f6d223b656d61696c7c733a32323a22676f76696e646168616c303540676d61696c2e636f6d223b757365725f69647c733a313a2232223b6f6c645f6c6173745f6c6f67696e7c733a31303a2231363133363934303737223b6c6173745f636865636b7c693a313631333639343135393b696f6e5f617574685f73657373696f6e5f686173687c733a34303a2236353833643663346632303539393865636163633966353162363861326132653434656130303036223b),
('gce8pvv7ke2i9khtd8crvmcd362ludko', '::1', 1613694639, 0x5f5f63695f6c6173745f726567656e65726174657c693a313631333639343633393b6964656e746974797c733a31353a2261646d696e4061646d696e2e636f6d223b656d61696c7c733a31353a2261646d696e4061646d696e2e636f6d223b757365725f69647c733a313a2231223b6f6c645f6c6173745f6c6f67696e7c733a31303a2231363133363933303037223b6c6173745f636865636b7c693a313631333639343633363b696f6e5f617574685f73657373696f6e5f686173687c733a34303a2236353833643663346632303539393865636163633966353162363861326132653434656130303036223b),
('vo7rt3trrn6ec2higunrkpmabaafuo3c', '::1', 1613694957, 0x5f5f63695f6c6173745f726567656e65726174657c693a313631333639343935373b6964656e746974797c733a31353a2261646d696e4061646d696e2e636f6d223b656d61696c7c733a31353a2261646d696e4061646d696e2e636f6d223b757365725f69647c733a313a2231223b6f6c645f6c6173745f6c6f67696e7c733a31303a2231363133363933303037223b6c6173745f636865636b7c693a313631333639343633363b696f6e5f617574685f73657373696f6e5f686173687c733a34303a2236353833643663346632303539393865636163633966353162363861326132653434656130303036223b),
('0lngohp5cth6u01e6i7skuf3qkkdur4u', '::1', 1613695004, 0x5f5f63695f6c6173745f726567656e65726174657c693a313631333639353030343b6964656e746974797c733a32323a22676f76696e646168616c303540676d61696c2e636f6d223b656d61696c7c733a32323a22676f76696e646168616c303540676d61696c2e636f6d223b757365725f69647c733a313a2232223b6f6c645f6c6173745f6c6f67696e7c733a31303a2231363133363934313539223b6c6173745f636865636b7c693a313631333639353030343b696f6e5f617574685f73657373696f6e5f686173687c733a34303a2236353833643663346632303539393865636163633966353162363861326132653434656130303036223b),
('3cqtkfmlfmn6pqo0pht4eqmpfdul2vsr', '::1', 1613695048, 0x5f5f63695f6c6173745f726567656e65726174657c693a313631333639353034383b6964656e746974797c733a32323a22676f76696e646168616c303540676d61696c2e636f6d223b656d61696c7c733a32323a22676f76696e646168616c303540676d61696c2e636f6d223b757365725f69647c733a313a2232223b6f6c645f6c6173745f6c6f67696e7c733a31303a2231363133363935303034223b6c6173745f636865636b7c693a313631333639353034373b696f6e5f617574685f73657373696f6e5f686173687c733a34303a2236353833643663346632303539393865636163633966353162363861326132653434656130303036223b),
('3i9m99ecanrnmn8odr4c7jp87d5v0he3', '::1', 1613695513, 0x5f5f63695f6c6173745f726567656e65726174657c693a313631333639353531333b6964656e746974797c733a32323a22676f76696e646168616c303540676d61696c2e636f6d223b656d61696c7c733a32323a22676f76696e646168616c303540676d61696c2e636f6d223b757365725f69647c733a313a2232223b6f6c645f6c6173745f6c6f67696e7c733a31303a2231363133363935303034223b6c6173745f636865636b7c693a313631333639353034373b696f6e5f617574685f73657373696f6e5f686173687c733a34303a2236353833643663346632303539393865636163633966353162363861326132653434656130303036223b),
('u91oaoqpotvdvftujaiee8rskpqjm2oj', '::1', 1613695544, 0x5f5f63695f6c6173745f726567656e65726174657c693a313631333639353534343b6964656e746974797c733a31353a2261646d696e4061646d696e2e636f6d223b656d61696c7c733a31353a2261646d696e4061646d696e2e636f6d223b757365725f69647c733a313a2231223b6f6c645f6c6173745f6c6f67696e7c733a31303a2231363133363934363336223b6c6173745f636865636b7c693a313631333639353534313b696f6e5f617574685f73657373696f6e5f686173687c733a34303a2236353833643663346632303539393865636163633966353162363861326132653434656130303036223b),
('gl2mrj8l8ejf1m6eoj7alecvjj55b54d', '::1', 1613695620, 0x5f5f63695f6c6173745f726567656e65726174657c693a313631333639353632303b6964656e746974797c733a31353a2261646d696e4061646d696e2e636f6d223b656d61696c7c733a31353a2261646d696e4061646d696e2e636f6d223b757365725f69647c733a313a2231223b6f6c645f6c6173745f6c6f67696e7c733a31303a2231363133363935353431223b6c6173745f636865636b7c693a313631333639353632303b696f6e5f617574685f73657373696f6e5f686173687c733a34303a2236353833643663346632303539393865636163633966353162363861326132653434656130303036223b),
('9ksni98m8spe643kdq68k1q4ngvuog3l', '::1', 1613695734, 0x5f5f63695f6c6173745f726567656e65726174657c693a313631333639353733343b6964656e746974797c733a31353a2261646d696e4061646d696e2e636f6d223b656d61696c7c733a31353a2261646d696e4061646d696e2e636f6d223b757365725f69647c733a313a2231223b6f6c645f6c6173745f6c6f67696e7c733a31303a2231363133363935363230223b6c6173745f636865636b7c693a313631333639353733323b696f6e5f617574685f73657373696f6e5f686173687c733a34303a2236353833643663346632303539393865636163633966353162363861326132653434656130303036223b),
('pann8anrq9u9l72qrgsjcljv3lhv1ab6', '::1', 1613695748, 0x5f5f63695f6c6173745f726567656e65726174657c693a313631333639353734383b6964656e746974797c733a31353a2261646d696e4061646d696e2e636f6d223b656d61696c7c733a31353a2261646d696e4061646d696e2e636f6d223b757365725f69647c733a313a2231223b6f6c645f6c6173745f6c6f67696e7c733a31303a2231363133363935373332223b6c6173745f636865636b7c693a313631333639353734383b696f6e5f617574685f73657373696f6e5f686173687c733a34303a2236353833643663346632303539393865636163633966353162363861326132653434656130303036223b),
('3t4l3dapj2tfkevnhphd86v4r2g43poa', '::1', 1613695896, 0x5f5f63695f6c6173745f726567656e65726174657c693a313631333639353839363b6964656e746974797c733a31353a2261646d696e4061646d696e2e636f6d223b656d61696c7c733a31353a2261646d696e4061646d696e2e636f6d223b757365725f69647c733a313a2231223b6f6c645f6c6173745f6c6f67696e7c733a31303a2231363133363935373438223b6c6173745f636865636b7c693a313631333639353839363b696f6e5f617574685f73657373696f6e5f686173687c733a34303a2236353833643663346632303539393865636163633966353162363861326132653434656130303036223b),
('cvdmc7peoh791v2de7rofle0bkp4fhm8', '::1', 1613696711, 0x5f5f63695f6c6173745f726567656e65726174657c693a313631333639363731313b6964656e746974797c733a31353a2261646d696e4061646d696e2e636f6d223b656d61696c7c733a31353a2261646d696e4061646d696e2e636f6d223b757365725f69647c733a313a2231223b6f6c645f6c6173745f6c6f67696e7c733a31303a2231363133363935373438223b6c6173745f636865636b7c693a313631333639353839363b696f6e5f617574685f73657373696f6e5f686173687c733a34303a2236353833643663346632303539393865636163633966353162363861326132653434656130303036223b67726f75707c613a323a7b693a303b733a313a2231223b693a313b733a313a2232223b7d),
('8j1g82v0305qkj7bcdq6lfa8jedia7u5', '::1', 1613696805, 0x5f5f63695f6c6173745f726567656e65726174657c693a313631333639363830353b6964656e746974797c733a32323a22676f76696e646168616c303540676d61696c2e636f6d223b656d61696c7c733a32323a22676f76696e646168616c303540676d61696c2e636f6d223b757365725f69647c733a313a2232223b6f6c645f6c6173745f6c6f67696e7c733a31303a2231363133363935303437223b6c6173745f636865636b7c693a313631333639363830353b696f6e5f617574685f73657373696f6e5f686173687c733a34303a2236353833643663346632303539393865636163633966353162363861326132653434656130303036223b67726f75707c613a323a7b693a303b733a313a2231223b693a313b733a313a2232223b7d),
('bi8oe144cstej32hpksj6msnaembcp99', '::1', 1613697550, 0x5f5f63695f6c6173745f726567656e65726174657c693a313631333639373535303b6964656e746974797c733a32323a22676f76696e646168616c303540676d61696c2e636f6d223b656d61696c7c733a32323a22676f76696e646168616c303540676d61696c2e636f6d223b757365725f69647c733a313a2232223b6f6c645f6c6173745f6c6f67696e7c733a31303a2231363133363935303437223b6c6173745f636865636b7c693a313631333639363830353b696f6e5f617574685f73657373696f6e5f686173687c733a34303a2236353833643663346632303539393865636163633966353162363861326132653434656130303036223b67726f75707c613a313a7b693a303b733a313a2232223b7d),
('pbsq7b0lbhbun453nk3joqh6dbo0gim4', '::1', 1613697943, 0x5f5f63695f6c6173745f726567656e65726174657c693a313631333639373934333b6964656e746974797c733a32323a22676f76696e646168616c303540676d61696c2e636f6d223b656d61696c7c733a32323a22676f76696e646168616c303540676d61696c2e636f6d223b757365725f69647c733a313a2232223b6f6c645f6c6173745f6c6f67696e7c733a31303a2231363133363935303437223b6c6173745f636865636b7c693a313631333639363830353b696f6e5f617574685f73657373696f6e5f686173687c733a34303a2236353833643663346632303539393865636163633966353162363861326132653434656130303036223b67726f75707c613a313a7b693a303b733a313a2232223b7d737563636573737c733a32353a22496e636f6d65206164646564207375636365737366756c6c79223b5f5f63695f766172737c613a313a7b733a373a2273756363657373223b733a333a226f6c64223b7d),
('a3u114er1b91jgkem2s6h39dbdk9cikg', '::1', 1613697968, 0x5f5f63695f6c6173745f726567656e65726174657c693a313631333639373936383b6964656e746974797c733a32323a22676f76696e646168616c303540676d61696c2e636f6d223b656d61696c7c733a32323a22676f76696e646168616c303540676d61696c2e636f6d223b757365725f69647c733a313a2232223b6f6c645f6c6173745f6c6f67696e7c733a31303a2231363133363936383035223b6c6173745f636865636b7c693a313631333639373936383b696f6e5f617574685f73657373696f6e5f686173687c733a34303a2236353833643663346632303539393865636163633966353162363861326132653434656130303036223b67726f75707c613a313a7b693a303b733a313a2232223b7d),
('51pjpbe77eb2ic6apm8etpfm4rorfida', '::1', 1613698058, 0x5f5f63695f6c6173745f726567656e65726174657c693a313631333639383035383b6964656e746974797c733a32323a22676f76696e646168616c303540676d61696c2e636f6d223b656d61696c7c733a32323a22676f76696e646168616c303540676d61696c2e636f6d223b757365725f69647c733a313a2232223b6f6c645f6c6173745f6c6f67696e7c733a31303a2231363133363937393638223b6c6173745f636865636b7c693a313631333639383035373b696f6e5f617574685f73657373696f6e5f686173687c733a34303a2236353833643663346632303539393865636163633966353162363861326132653434656130303036223b),
('hkib06njjg76g9uj21p1tvo8igs0h5hs', '::1', 1613698463, 0x5f5f63695f6c6173745f726567656e65726174657c693a313631333639383436333b6964656e746974797c733a32323a22676f76696e646168616c303540676d61696c2e636f6d223b656d61696c7c733a32323a22676f76696e646168616c303540676d61696c2e636f6d223b757365725f69647c733a313a2232223b6f6c645f6c6173745f6c6f67696e7c733a31303a2231363133363937393638223b6c6173745f636865636b7c693a313631333639383035373b696f6e5f617574685f73657373696f6e5f686173687c733a34303a2236353833643663346632303539393865636163633966353162363861326132653434656130303036223b67726f75707c613a313a7b693a303b733a313a2232223b7d),
('oc9kf3me5m3euf7p2u8uti53uaf4jdiv', '::1', 1613698785, 0x5f5f63695f6c6173745f726567656e65726174657c693a313631333639383738353b6964656e746974797c733a32323a22676f76696e646168616c303540676d61696c2e636f6d223b656d61696c7c733a32323a22676f76696e646168616c303540676d61696c2e636f6d223b757365725f69647c733a313a2232223b6f6c645f6c6173745f6c6f67696e7c733a31303a2231363133363937393638223b6c6173745f636865636b7c693a313631333639383035373b696f6e5f617574685f73657373696f6e5f686173687c733a34303a2236353833643663346632303539393865636163633966353162363861326132653434656130303036223b67726f75707c613a313a7b693a303b733a313a2232223b7d),
('gh3dkpt6djobbefafgq2rau8rv5lha2u', '::1', 1613699131, 0x5f5f63695f6c6173745f726567656e65726174657c693a313631333639393133313b6964656e746974797c733a32323a22676f76696e646168616c303540676d61696c2e636f6d223b656d61696c7c733a32323a22676f76696e646168616c303540676d61696c2e636f6d223b757365725f69647c733a313a2232223b6f6c645f6c6173745f6c6f67696e7c733a31303a2231363133363937393638223b6c6173745f636865636b7c693a313631333639383035373b696f6e5f617574685f73657373696f6e5f686173687c733a34303a2236353833643663346632303539393865636163633966353162363861326132653434656130303036223b67726f75707c613a313a7b693a303b733a313a2232223b7d),
('cclstktjnkc66p2tup57nkco2gmklv21', '::1', 1613699496, 0x5f5f63695f6c6173745f726567656e65726174657c693a313631333639393439363b6964656e746974797c733a32323a22676f76696e646168616c303540676d61696c2e636f6d223b656d61696c7c733a32323a22676f76696e646168616c303540676d61696c2e636f6d223b757365725f69647c733a313a2232223b6f6c645f6c6173745f6c6f67696e7c733a31303a2231363133363937393638223b6c6173745f636865636b7c693a313631333639383035373b696f6e5f617574685f73657373696f6e5f686173687c733a34303a2236353833643663346632303539393865636163633966353162363861326132653434656130303036223b67726f75707c613a313a7b693a303b733a313a2232223b7d),
('6s543g85jkuhgm8f3m04kspkatus0koh', '::1', 1613699801, 0x5f5f63695f6c6173745f726567656e65726174657c693a313631333639393830313b6964656e746974797c733a32323a22676f76696e646168616c303540676d61696c2e636f6d223b656d61696c7c733a32323a22676f76696e646168616c303540676d61696c2e636f6d223b757365725f69647c733a313a2232223b6f6c645f6c6173745f6c6f67696e7c733a31303a2231363133363937393638223b6c6173745f636865636b7c693a313631333639383035373b696f6e5f617574685f73657373696f6e5f686173687c733a34303a2236353833643663346632303539393865636163633966353162363861326132653434656130303036223b67726f75707c613a313a7b693a303b733a313a2232223b7d),
('um8dnimffdouvmrd7720qd4adq8m62mi', '::1', 1613700910, 0x5f5f63695f6c6173745f726567656e65726174657c693a313631333730303931303b6964656e746974797c733a32323a22676f76696e646168616c303540676d61696c2e636f6d223b656d61696c7c733a32323a22676f76696e646168616c303540676d61696c2e636f6d223b757365725f69647c733a313a2232223b6f6c645f6c6173745f6c6f67696e7c733a31303a2231363133363937393638223b6c6173745f636865636b7c693a313631333639383035373b696f6e5f617574685f73657373696f6e5f686173687c733a34303a2236353833643663346632303539393865636163633966353162363861326132653434656130303036223b67726f75707c613a313a7b693a303b733a313a2232223b7d),
('77vqcg0iahpg9ele3pmtith58nprede5', '::1', 1613701269, 0x5f5f63695f6c6173745f726567656e65726174657c693a313631333730313236393b6964656e746974797c733a32323a22676f76696e646168616c303540676d61696c2e636f6d223b656d61696c7c733a32323a22676f76696e646168616c303540676d61696c2e636f6d223b757365725f69647c733a313a2232223b6f6c645f6c6173745f6c6f67696e7c733a31303a2231363133363937393638223b6c6173745f636865636b7c693a313631333639383035373b696f6e5f617574685f73657373696f6e5f686173687c733a34303a2236353833643663346632303539393865636163633966353162363861326132653434656130303036223b67726f75707c613a313a7b693a303b733a313a2232223b7d),
('va6nukigjjfn3l43ko57vvtn9df4pnnc', '::1', 1613701643, 0x5f5f63695f6c6173745f726567656e65726174657c693a313631333730313634333b6964656e746974797c733a32323a22676f76696e646168616c303540676d61696c2e636f6d223b656d61696c7c733a32323a22676f76696e646168616c303540676d61696c2e636f6d223b757365725f69647c733a313a2232223b6f6c645f6c6173745f6c6f67696e7c733a31303a2231363133363937393638223b6c6173745f636865636b7c693a313631333639383035373b696f6e5f617574685f73657373696f6e5f686173687c733a34303a2236353833643663346632303539393865636163633966353162363861326132653434656130303036223b67726f75707c613a313a7b693a303b733a313a2232223b7d),
('b5a58pvb37tnja04mc8s6a5c6fphmp2v', '::1', 1613701958, 0x5f5f63695f6c6173745f726567656e65726174657c693a313631333730313935383b6964656e746974797c733a32323a22676f76696e646168616c303540676d61696c2e636f6d223b656d61696c7c733a32323a22676f76696e646168616c303540676d61696c2e636f6d223b757365725f69647c733a313a2232223b6f6c645f6c6173745f6c6f67696e7c733a31303a2231363133363937393638223b6c6173745f636865636b7c693a313631333639383035373b696f6e5f617574685f73657373696f6e5f686173687c733a34303a2236353833643663346632303539393865636163633966353162363861326132653434656130303036223b67726f75707c613a313a7b693a303b733a313a2232223b7d),
('3e9sv84u1mgql8qnn62mthq5g5rs953r', '::1', 1613702503, 0x5f5f63695f6c6173745f726567656e65726174657c693a313631333730323530333b6964656e746974797c733a32323a22676f76696e646168616c303540676d61696c2e636f6d223b656d61696c7c733a32323a22676f76696e646168616c303540676d61696c2e636f6d223b757365725f69647c733a313a2232223b6f6c645f6c6173745f6c6f67696e7c733a31303a2231363133363937393638223b6c6173745f636865636b7c693a313631333639383035373b696f6e5f617574685f73657373696f6e5f686173687c733a34303a2236353833643663346632303539393865636163633966353162363861326132653434656130303036223b67726f75707c613a313a7b693a303b733a313a2232223b7d),
('c5t2g8qtpsuh2c5mnmr33psg5rp85spp', '::1', 1613702860, 0x5f5f63695f6c6173745f726567656e65726174657c693a313631333730323836303b6964656e746974797c733a32323a22676f76696e646168616c303540676d61696c2e636f6d223b656d61696c7c733a32323a22676f76696e646168616c303540676d61696c2e636f6d223b757365725f69647c733a313a2232223b6f6c645f6c6173745f6c6f67696e7c733a31303a2231363133363937393638223b6c6173745f636865636b7c693a313631333639383035373b696f6e5f617574685f73657373696f6e5f686173687c733a34303a2236353833643663346632303539393865636163633966353162363861326132653434656130303036223b67726f75707c613a313a7b693a303b733a313a2232223b7d),
('uqrus86l2djqfk5uv7o23sfmcamglp6h', '::1', 1613703169, 0x5f5f63695f6c6173745f726567656e65726174657c693a313631333730333136393b6964656e746974797c733a32323a22676f76696e646168616c303540676d61696c2e636f6d223b656d61696c7c733a32323a22676f76696e646168616c303540676d61696c2e636f6d223b757365725f69647c733a313a2232223b6f6c645f6c6173745f6c6f67696e7c733a31303a2231363133363937393638223b6c6173745f636865636b7c693a313631333639383035373b696f6e5f617574685f73657373696f6e5f686173687c733a34303a2236353833643663346632303539393865636163633966353162363861326132653434656130303036223b67726f75707c613a313a7b693a303b733a313a2232223b7d),
('jvf24q0clkc1dc3oa0hnb0v3ffd8l7tj', '::1', 1613703470, 0x5f5f63695f6c6173745f726567656e65726174657c693a313631333730333437303b6964656e746974797c733a32323a22676f76696e646168616c303540676d61696c2e636f6d223b656d61696c7c733a32323a22676f76696e646168616c303540676d61696c2e636f6d223b757365725f69647c733a313a2232223b6f6c645f6c6173745f6c6f67696e7c733a31303a2231363133363937393638223b6c6173745f636865636b7c693a313631333639383035373b696f6e5f617574685f73657373696f6e5f686173687c733a34303a2236353833643663346632303539393865636163633966353162363861326132653434656130303036223b67726f75707c613a313a7b693a303b733a313a2232223b7d),
('qjapmse7ep0hl9es2v547osfff6fiff6', '::1', 1613704100, 0x5f5f63695f6c6173745f726567656e65726174657c693a313631333730343130303b6964656e746974797c733a32323a22676f76696e646168616c303540676d61696c2e636f6d223b656d61696c7c733a32323a22676f76696e646168616c303540676d61696c2e636f6d223b757365725f69647c733a313a2232223b6f6c645f6c6173745f6c6f67696e7c733a31303a2231363133363937393638223b6c6173745f636865636b7c693a313631333639383035373b696f6e5f617574685f73657373696f6e5f686173687c733a34303a2236353833643663346632303539393865636163633966353162363861326132653434656130303036223b67726f75707c613a313a7b693a303b733a313a2232223b7d),
('eakr9ut9l5bgkkijs4p8na9ban6qmv56', '::1', 1613704456, 0x5f5f63695f6c6173745f726567656e65726174657c693a313631333730343435363b6964656e746974797c733a32323a22676f76696e646168616c303540676d61696c2e636f6d223b656d61696c7c733a32323a22676f76696e646168616c303540676d61696c2e636f6d223b757365725f69647c733a313a2232223b6f6c645f6c6173745f6c6f67696e7c733a31303a2231363133363937393638223b6c6173745f636865636b7c693a313631333639383035373b696f6e5f617574685f73657373696f6e5f686173687c733a34303a2236353833643663346632303539393865636163633966353162363861326132653434656130303036223b67726f75707c613a313a7b693a303b733a313a2232223b7d),
('k3qt33jsrnrv0litr1atvhuoqftj3nlg', '::1', 1613705217, 0x5f5f63695f6c6173745f726567656e65726174657c693a313631333730353231373b6964656e746974797c733a32323a22676f76696e646168616c303540676d61696c2e636f6d223b656d61696c7c733a32323a22676f76696e646168616c303540676d61696c2e636f6d223b757365725f69647c733a313a2232223b6f6c645f6c6173745f6c6f67696e7c733a31303a2231363133363937393638223b6c6173745f636865636b7c693a313631333639383035373b696f6e5f617574685f73657373696f6e5f686173687c733a34303a2236353833643663346632303539393865636163633966353162363861326132653434656130303036223b67726f75707c613a313a7b693a303b733a313a2232223b7d),
('g6mv7acdafhdgi0m9r105ef3k9ucjn6b', '::1', 1613705845, 0x5f5f63695f6c6173745f726567656e65726174657c693a313631333730353834353b),
('o5tf9fog9dncomntru4kq0ipe0sqb0a7', '::1', 1613706162, 0x5f5f63695f6c6173745f726567656e65726174657c693a313631333730363136323b),
('u97ub4a48hnd6g8es3unb0j8lc37m39d', '::1', 1613706493, 0x5f5f63695f6c6173745f726567656e65726174657c693a313631333730363439333b),
('ad3hbu6earbms0jclbs440r3tik27r8o', '::1', 1613706529, 0x5f5f63695f6c6173745f726567656e65726174657c693a313631333730363532393b6964656e746974797c733a31353a2261646d696e4061646d696e2e636f6d223b656d61696c7c733a31353a2261646d696e4061646d696e2e636f6d223b757365725f69647c733a313a2231223b6f6c645f6c6173745f6c6f67696e7c733a31303a2231363133363935383936223b6c6173745f636865636b7c693a313631333730363532393b696f6e5f617574685f73657373696f6e5f686173687c733a34303a2236353833643663346632303539393865636163633966353162363861326132653434656130303036223b),
('u1dd0i3htdbujtv2ibrqgt542cobj71o', '::1', 1613706960, 0x5f5f63695f6c6173745f726567656e65726174657c693a313631333730363936303b),
('heoirqvtnpkkqu08c58j6eapfvnkkg7i', '::1', 1613707292, 0x5f5f63695f6c6173745f726567656e65726174657c693a313631333730373239323b6d6573736167657c733a33353a223c703e4163636f756e74205375636365737366756c6c7920437265617465643c2f703e223b5f5f63695f766172737c613a313a7b733a373a226d657373616765223b733a333a226f6c64223b7d),
('0ms6959s27d57nuh5glbr7u7dtq0g360', '::1', 1613707465, 0x5f5f63695f6c6173745f726567656e65726174657c693a313631333730373239323b);

-- --------------------------------------------------------

--
-- Table structure for table `expenses`
--

CREATE TABLE `expenses` (
  `id` int(11) NOT NULL,
  `category_id` int(11) UNSIGNED NOT NULL,
  `date` date NOT NULL,
  `amount` varchar(50) NOT NULL,
  `note` varchar(200) NOT NULL,
  `added_by` int(11) UNSIGNED NOT NULL,
  `added_on` timestamp NOT NULL DEFAULT CURRENT_TIMESTAMP ON UPDATE CURRENT_TIMESTAMP
) ENGINE=InnoDB DEFAULT CHARSET=latin1;

--
-- Dumping data for table `expenses`
--

INSERT INTO `expenses` (`id`, `category_id`, `date`, `amount`, `note`, `added_by`, `added_on`) VALUES
(1, 4, '2021-02-04', '1000', 'fdsafdsafdsa', 1, '2021-02-19 00:04:40'),
(2, 1, '2021-02-02', '1000', 'fdsafdsafdsa', 1, '2021-02-19 00:18:43'),
(3, 3, '2021-02-02', '1000', 'fdsafdsafdsa', 2, '2021-02-19 00:39:40'),
(4, 4, '2021-02-19', '1000', 'fdsafdsafdsa', 2, '2021-02-19 02:57:25'),
(5, 3, '2021-02-11', '1000', 'fdsafdsafdsa', 2, '2021-02-19 02:57:50');

-- --------------------------------------------------------

--
-- Table structure for table `e_categories`
--

CREATE TABLE `e_categories` (
  `id` int(10) UNSIGNED NOT NULL,
  `name` varchar(100) DEFAULT NULL,
  `description` varchar(100) DEFAULT NULL
) ENGINE=InnoDB DEFAULT CHARSET=latin1;

--
-- Dumping data for table `e_categories`
--

INSERT INTO `e_categories` (`id`, `name`, `description`) VALUES
(1, 'Entertainment', 'Entertainment'),
(2, 'Housing', 'Housing'),
(3, 'Transportation', 'Transportation'),
(4, 'Food', 'Food'),
(5, 'Utilities', 'Utilities'),
(6, 'Insurance', 'Insurance'),
(7, 'Saving', 'Saving'),
(8, 'Medical & Healthcare', 'Medical & Healthcare'),
(9, 'Investing', 'Investing'),
(10, 'Debt Payments', 'Debt Payments');

-- --------------------------------------------------------

--
-- Table structure for table `groups`
--

CREATE TABLE `groups` (
  `id` mediumint(8) UNSIGNED NOT NULL,
  `name` varchar(20) NOT NULL,
  `description` varchar(100) NOT NULL
) ENGINE=InnoDB DEFAULT CHARSET=utf8;

--
-- Dumping data for table `groups`
--

INSERT INTO `groups` (`id`, `name`, `description`) VALUES
(1, 'admin', 'Administrator'),
(2, 'members', 'General User');

-- --------------------------------------------------------

--
-- Table structure for table `income`
--

CREATE TABLE `income` (
  `id` int(11) NOT NULL,
  `category_id` int(11) UNSIGNED NOT NULL,
  `date` date NOT NULL,
  `amount` varchar(50) NOT NULL,
  `note` varchar(200) NOT NULL,
  `added_by` int(11) UNSIGNED NOT NULL,
  `added_on` timestamp NOT NULL DEFAULT CURRENT_TIMESTAMP ON UPDATE CURRENT_TIMESTAMP
) ENGINE=InnoDB DEFAULT CHARSET=latin1;

--
-- Dumping data for table `income`
--

INSERT INTO `income` (`id`, `category_id`, `date`, `amount`, `note`, `added_by`, `added_on`) VALUES
(1, 2, '2021-02-03', '1000', 'fdsafdsafdsa', 2, '2021-02-19 01:22:05'),
(2, 3, '2021-02-09', '1000', 'fdsafdsafdsa', 2, '2021-02-19 01:23:40'),
(3, 4, '2021-02-18', '1000', 'fdsafdsafdsa', 2, '2021-02-19 02:50:18');

-- --------------------------------------------------------

--
-- Table structure for table `i_categories`
--

CREATE TABLE `i_categories` (
  `id` int(10) UNSIGNED NOT NULL,
  `name` varchar(100) DEFAULT NULL,
  `description` varchar(100) DEFAULT NULL
) ENGINE=InnoDB DEFAULT CHARSET=latin1;

--
-- Dumping data for table `i_categories`
--

INSERT INTO `i_categories` (`id`, `name`, `description`) VALUES
(1, 'Entertainment', 'Entertainment'),
(2, 'Housing', 'Housing'),
(3, 'Transportation', 'Transportation'),
(4, 'Food', 'Food'),
(5, 'Utilities', 'Utilities'),
(6, 'Insurance', 'Insurance'),
(7, 'Saving', 'Saving'),
(8, 'Medical & Healthcare', 'Medical & Healthcare'),
(9, 'Investing', 'Investing'),
(10, 'Debt Payments', 'Debt Payments');

-- --------------------------------------------------------

--
-- Table structure for table `login_attempts`
--

CREATE TABLE `login_attempts` (
  `id` int(11) UNSIGNED NOT NULL,
  `ip_address` varchar(45) NOT NULL,
  `login` varchar(100) NOT NULL,
  `time` int(11) UNSIGNED DEFAULT NULL
) ENGINE=InnoDB DEFAULT CHARSET=utf8;

--
-- Dumping data for table `login_attempts`
--

INSERT INTO `login_attempts` (`id`, `ip_address`, `login`, `time`) VALUES
(8, '::1', 'test', 1613707299);

-- --------------------------------------------------------

--
-- Table structure for table `users`
--

CREATE TABLE `users` (
  `id` int(11) UNSIGNED NOT NULL,
  `ip_address` varchar(45) NOT NULL,
  `username` varchar(100) DEFAULT NULL,
  `password` varchar(255) NOT NULL,
  `email` varchar(254) NOT NULL,
  `activation_selector` varchar(255) DEFAULT NULL,
  `activation_code` varchar(255) DEFAULT NULL,
  `forgotten_password_selector` varchar(255) DEFAULT NULL,
  `forgotten_password_code` varchar(255) DEFAULT NULL,
  `forgotten_password_time` int(11) UNSIGNED DEFAULT NULL,
  `remember_selector` varchar(255) DEFAULT NULL,
  `remember_code` varchar(255) DEFAULT NULL,
  `created_on` int(11) UNSIGNED NOT NULL,
  `last_login` int(11) UNSIGNED DEFAULT NULL,
  `active` tinyint(1) UNSIGNED DEFAULT NULL,
  `first_name` varchar(50) DEFAULT NULL,
  `last_name` varchar(50) DEFAULT NULL,
  `company` varchar(100) DEFAULT NULL,
  `phone` varchar(20) DEFAULT NULL
) ENGINE=InnoDB DEFAULT CHARSET=utf8;

--
-- Dumping data for table `users`
--

INSERT INTO `users` (`id`, `ip_address`, `username`, `password`, `email`, `activation_selector`, `activation_code`, `forgotten_password_selector`, `forgotten_password_code`, `forgotten_password_time`, `remember_selector`, `remember_code`, `created_on`, `last_login`, `active`, `first_name`, `last_name`, `company`, `phone`) VALUES
(1, '127.0.0.1', 'administrator', '$2y$10$.AJpSu/WRnveEt7i1TL3MeCB1nXmQf.ND7XzQSICubDR2qsS3e0nO', 'admin@admin.com', NULL, '', NULL, NULL, NULL, NULL, NULL, 1268889823, 1613706529, 1, 'Admin', 'istrator', 'ADMIN', '0'),
(2, '::1', NULL, '$2y$10$eiHmuzjim5rnJtcfiDtib.PGtOhpIr3X.Bv8xCsaaMp2cgsCwSNJ2', 'govindahal05@gmail.com', NULL, NULL, NULL, NULL, NULL, NULL, NULL, 1613694042, 1613698057, 1, 'Govinda', 'Dahal', 'Self', '9800000000'),
(3, '::1', NULL, '$2y$10$4.vtjHbQhbKlOWEuyeFkaOwn2UPacMzj9nTjsiXjrQMidryP8/c6u', 'dahalgovindaic@gmail.com', NULL, NULL, NULL, NULL, NULL, NULL, NULL, 1613706512, NULL, 1, 'Govinda', 'Dahal', NULL, NULL),
(4, '::1', NULL, '$2y$10$RcJBaHYI7y9aKz7XwjY4I.Oen5Jf9Z0qZVSKj1qN.EHF8W5ZpzUgO', 'testgovinda5@gmail.com', NULL, NULL, NULL, NULL, NULL, NULL, NULL, 1613707133, NULL, 1, 'Govinda', 'Dahal', NULL, NULL);

-- --------------------------------------------------------

--
-- Table structure for table `users_groups`
--

CREATE TABLE `users_groups` (
  `id` int(11) UNSIGNED NOT NULL,
  `user_id` int(11) UNSIGNED NOT NULL,
  `group_id` mediumint(8) UNSIGNED NOT NULL
) ENGINE=InnoDB DEFAULT CHARSET=utf8;

--
-- Dumping data for table `users_groups`
--

INSERT INTO `users_groups` (`id`, `user_id`, `group_id`) VALUES
(1, 1, 1),
(2, 1, 2),
(3, 2, 2),
(4, 3, 2),
(5, 4, 2);

--
-- Indexes for dumped tables
--

--
-- Indexes for table `ci_session`
--
ALTER TABLE `ci_session`
  ADD KEY `ci_sessions_timestamp` (`timestamp`);

--
-- Indexes for table `expenses`
--
ALTER TABLE `expenses`
  ADD PRIMARY KEY (`id`),
  ADD KEY `income_expenses_user_fkey` (`added_by`),
  ADD KEY `expenses_category_fkey` (`category_id`);

--
-- Indexes for table `e_categories`
--
ALTER TABLE `e_categories`
  ADD PRIMARY KEY (`id`);

--
-- Indexes for table `groups`
--
ALTER TABLE `groups`
  ADD PRIMARY KEY (`id`);

--
-- Indexes for table `income`
--
ALTER TABLE `income`
  ADD PRIMARY KEY (`id`),
  ADD KEY `income_expenses_user_fkey` (`added_by`),
  ADD KEY `expenses_category_fkey` (`category_id`);

--
-- Indexes for table `i_categories`
--
ALTER TABLE `i_categories`
  ADD PRIMARY KEY (`id`);

--
-- Indexes for table `login_attempts`
--
ALTER TABLE `login_attempts`
  ADD PRIMARY KEY (`id`);

--
-- Indexes for table `users`
--
ALTER TABLE `users`
  ADD PRIMARY KEY (`id`),
  ADD UNIQUE KEY `uc_email` (`email`),
  ADD UNIQUE KEY `uc_activation_selector` (`activation_selector`),
  ADD UNIQUE KEY `uc_forgotten_password_selector` (`forgotten_password_selector`),
  ADD UNIQUE KEY `uc_remember_selector` (`remember_selector`);

--
-- Indexes for table `users_groups`
--
ALTER TABLE `users_groups`
  ADD PRIMARY KEY (`id`),
  ADD UNIQUE KEY `uc_users_groups` (`user_id`,`group_id`),
  ADD KEY `fk_users_groups_users1_idx` (`user_id`),
  ADD KEY `fk_users_groups_groups1_idx` (`group_id`);

--
-- AUTO_INCREMENT for dumped tables
--

--
-- AUTO_INCREMENT for table `expenses`
--
ALTER TABLE `expenses`
  MODIFY `id` int(11) NOT NULL AUTO_INCREMENT, AUTO_INCREMENT=6;

--
-- AUTO_INCREMENT for table `e_categories`
--
ALTER TABLE `e_categories`
  MODIFY `id` int(10) UNSIGNED NOT NULL AUTO_INCREMENT, AUTO_INCREMENT=11;

--
-- AUTO_INCREMENT for table `groups`
--
ALTER TABLE `groups`
  MODIFY `id` mediumint(8) UNSIGNED NOT NULL AUTO_INCREMENT, AUTO_INCREMENT=3;

--
-- AUTO_INCREMENT for table `income`
--
ALTER TABLE `income`
  MODIFY `id` int(11) NOT NULL AUTO_INCREMENT, AUTO_INCREMENT=4;

--
-- AUTO_INCREMENT for table `i_categories`
--
ALTER TABLE `i_categories`
  MODIFY `id` int(10) UNSIGNED NOT NULL AUTO_INCREMENT, AUTO_INCREMENT=11;

--
-- AUTO_INCREMENT for table `login_attempts`
--
ALTER TABLE `login_attempts`
  MODIFY `id` int(11) UNSIGNED NOT NULL AUTO_INCREMENT, AUTO_INCREMENT=9;

--
-- AUTO_INCREMENT for table `users`
--
ALTER TABLE `users`
  MODIFY `id` int(11) UNSIGNED NOT NULL AUTO_INCREMENT, AUTO_INCREMENT=5;

--
-- AUTO_INCREMENT for table `users_groups`
--
ALTER TABLE `users_groups`
  MODIFY `id` int(11) UNSIGNED NOT NULL AUTO_INCREMENT, AUTO_INCREMENT=6;

--
-- Constraints for dumped tables
--

--
-- Constraints for table `expenses`
--
ALTER TABLE `expenses`
  ADD CONSTRAINT `expenses_category_fkey` FOREIGN KEY (`category_id`) REFERENCES `e_categories` (`id`),
  ADD CONSTRAINT `income_expenses_user_fkey` FOREIGN KEY (`added_by`) REFERENCES `users` (`id`);

--
-- Constraints for table `users_groups`
--
ALTER TABLE `users_groups`
  ADD CONSTRAINT `fk_users_groups_groups1` FOREIGN KEY (`group_id`) REFERENCES `groups` (`id`) ON DELETE CASCADE ON UPDATE NO ACTION,
  ADD CONSTRAINT `fk_users_groups_users1` FOREIGN KEY (`user_id`) REFERENCES `users` (`id`) ON DELETE CASCADE ON UPDATE NO ACTION;
COMMIT;

/*!40101 SET CHARACTER_SET_CLIENT=@OLD_CHARACTER_SET_CLIENT */;
/*!40101 SET CHARACTER_SET_RESULTS=@OLD_CHARACTER_SET_RESULTS */;
/*!40101 SET COLLATION_CONNECTION=@OLD_COLLATION_CONNECTION */;
